addr	name	file	status
00401000	FUN_00401000	00401000_FUN_00401000.c	ok
00401010	FUN_00401010	00401010_FUN_00401010.c	ok
00401130	FUN_00401130	00401130_FUN_00401130.c	ok
00401180	FUN_00401180	00401180_FUN_00401180.c	ok
004014c0	entry	004014c0_entry.c	ok
004014f0	FUN_004014f0	004014f0_FUN_004014f0.c	ok
00401520	FUN_00401520	00401520_FUN_00401520.c	ok
00401540	FUN_00401540	00401540_FUN_00401540.c	ok
00401550	FUN_00401550	00401550_FUN_00401550.c	ok
00401580	FUN_00401580	00401580_FUN_00401580.c	ok
00401640	FUN_00401640	00401640_FUN_00401640.c	ok
004017b1	FUN_004017b1	004017b1_FUN_004017b1.c	ok
00401adb	FUN_00401adb	00401adb_FUN_00401adb.c	ok
00401f6e	FUN_00401f6e	00401f6e_FUN_00401f6e.c	ok
00402792	FUN_00402792	00402792_FUN_00402792.c	ok
0040386d	FUN_0040386d	0040386d_FUN_0040386d.c	ok
00403c4d	FUN_00403c4d	00403c4d_FUN_00403c4d.c	ok
00404152	FUN_00404152	00404152_FUN_00404152.c	ok
00405114	FUN_00405114	00405114_FUN_00405114.c	ok
004054a4	FUN_004054a4	004054a4_FUN_004054a4.c	ok
00405896	FUN_00405896	00405896_FUN_00405896.c	ok
004064aa	FUN_004064aa	004064aa_FUN_004064aa.c	ok
0040666d	FUN_0040666d	0040666d_FUN_0040666d.c	ok
004068d2	FUN_004068d2	004068d2_FUN_004068d2.c	ok
00406b3f	FUN_00406b3f	00406b3f_FUN_00406b3f.c	ok
00406bb7	FUN_00406bb7	00406bb7_FUN_00406bb7.c	ok
00406bdf	FUN_00406bdf	00406bdf_FUN_00406bdf.c	ok
00406d9e	FUN_00406d9e	00406d9e_FUN_00406d9e.c	ok
004074f2	FUN_004074f2	004074f2_FUN_004074f2.c	ok
00407896	FUN_00407896	00407896_FUN_00407896.c	ok
004078dc	FUN_004078dc	004078dc_FUN_004078dc.c	ok
00408972	FUN_00408972	00408972_FUN_00408972.c	ok
00408d9f	FUN_00408d9f	00408d9f_FUN_00408d9f.c	ok
00408f03	FUN_00408f03	00408f03_FUN_00408f03.c	ok
00409024	FUN_00409024	00409024_FUN_00409024.c	ok
00409200	FUN_00409200	00409200_FUN_00409200.c	ok
004095b3	FUN_004095b3	004095b3_FUN_004095b3.c	ok
00409626	FUN_00409626	00409626_FUN_00409626.c	ok
00409f1e	FUN_00409f1e	00409f1e_FUN_00409f1e.c	ok
00409f7c	FUN_00409f7c	00409f7c_FUN_00409f7c.c	ok
0040a8cd	FUN_0040a8cd	0040a8cd_FUN_0040a8cd.c	ok
0040a92b	FUN_0040a92b	0040a92b_FUN_0040a92b.c	ok
0040b2ac	FUN_0040b2ac	0040b2ac_FUN_0040b2ac.c	ok
0040b68e	FUN_0040b68e	0040b68e_FUN_0040b68e.c	ok
0040b7f2	FUN_0040b7f2	0040b7f2_FUN_0040b7f2.c	ok
0040bbfe	FUN_0040bbfe	0040bbfe_FUN_0040bbfe.c	ok
0040bc62	FUN_0040bc62	0040bc62_FUN_0040bc62.c	ok
0040c2ff	FUN_0040c2ff	0040c2ff_FUN_0040c2ff.c	ok
0040c343	FUN_0040c343	0040c343_FUN_0040c343.c	ok
0040c797	FUN_0040c797	0040c797_FUN_0040c797.c	ok
0040cc3d	FUN_0040cc3d	0040cc3d_FUN_0040cc3d.c	ok
0040e853	FUN_0040e853	0040e853_FUN_0040e853.c	ok
0040e945	FUN_0040e945	0040e945_FUN_0040e945.c	ok
0040ed5d	FUN_0040ed5d	0040ed5d_FUN_0040ed5d.c	ok
0040ed99	FUN_0040ed99	0040ed99_FUN_0040ed99.c	ok
0040f0ee	FUN_0040f0ee	0040f0ee_FUN_0040f0ee.c	ok
0040f132	FUN_0040f132	0040f132_FUN_0040f132.c	ok
0040f47c	FUN_0040f47c	0040f47c_FUN_0040f47c.c	ok
0040fa6a	FUN_0040fa6a	0040fa6a_FUN_0040fa6a.c	ok
004100e2	FUN_004100e2	004100e2_FUN_004100e2.c	ok
00410166	FUN_00410166	00410166_FUN_00410166.c	ok
004106f3	FUN_004106f3	004106f3_FUN_004106f3.c	ok
004109f3	FUN_004109f3	004109f3_FUN_004109f3.c	ok
004113d8	FUN_004113d8	004113d8_FUN_004113d8.c	ok
00411b98	FUN_00411b98	00411b98_FUN_00411b98.c	ok
00411bef	FUN_00411bef	00411bef_FUN_00411bef.c	ok
004120dd	FUN_004120dd	004120dd_FUN_004120dd.c	ok
0041930f	FUN_0041930f	0041930f_FUN_0041930f.c	ok
0041972b	FUN_0041972b	0041972b_FUN_0041972b.c	ok
00419ab0	FUN_00419ab0	00419ab0_FUN_00419ab0.c	ok
00419b56	FUN_00419b56	00419b56_FUN_00419b56.c	ok
0041a31e	FUN_0041a31e	0041a31e_FUN_0041a31e.c	ok
0041a6ac	FUN_0041a6ac	0041a6ac_FUN_0041a6ac.c	ok
0041aa2e	FUN_0041aa2e	0041aa2e_FUN_0041aa2e.c	ok
0041abe1	FUN_0041abe1	0041abe1_FUN_0041abe1.c	ok
0041ad5b	FUN_0041ad5b	0041ad5b_FUN_0041ad5b.c	ok
0041adf0	FUN_0041adf0	0041adf0_FUN_0041adf0.c	ok
0041ae85	FUN_0041ae85	0041ae85_FUN_0041ae85.c	ok
0041af1a	FUN_0041af1a	0041af1a_FUN_0041af1a.c	ok
0041afaf	FUN_0041afaf	0041afaf_FUN_0041afaf.c	ok
0041afd1	FUN_0041afd1	0041afd1_FUN_0041afd1.c	ok
0041afe2	FUN_0041afe2	0041afe2_FUN_0041afe2.c	ok
0041b004	FUN_0041b004	0041b004_FUN_0041b004.c	ok
0041b0a4	FUN_0041b0a4	0041b0a4_FUN_0041b0a4.c	ok
0041b0c0	FUN_0041b0c0	0041b0c0_FUN_0041b0c0.c	ok
0041b108	FUN_0041b108	0041b108_FUN_0041b108.c	ok
0041b16e	FUN_0041b16e	0041b16e_FUN_0041b16e.c	ok
0041b1eb	FUN_0041b1eb	0041b1eb_FUN_0041b1eb.c	ok
0041b282	FUN_0041b282	0041b282_FUN_0041b282.c	ok
0041b3ab	FUN_0041b3ab	0041b3ab_FUN_0041b3ab.c	ok
0041b3e3	FUN_0041b3e3	0041b3e3_FUN_0041b3e3.c	ok
0041b40c	FUN_0041b40c	0041b40c_FUN_0041b40c.c	ok
0041b435	FUN_0041b435	0041b435_FUN_0041b435.c	ok
0041b471	FUN_0041b471	0041b471_FUN_0041b471.c	ok
0041b49a	FUN_0041b49a	0041b49a_FUN_0041b49a.c	ok
0041b4c3	FUN_0041b4c3	0041b4c3_FUN_0041b4c3.c	ok
0041b6c0	FUN_0041b6c0	0041b6c0_FUN_0041b6c0.c	ok
0041b6f5	FUN_0041b6f5	0041b6f5_FUN_0041b6f5.c	ok
0041b732	FUN_0041b732	0041b732_FUN_0041b732.c	ok
0041b77f	FUN_0041b77f	0041b77f_FUN_0041b77f.c	ok
0041b8ae	FUN_0041b8ae	0041b8ae_FUN_0041b8ae.c	ok
0041ba20	FUN_0041ba20	0041ba20_FUN_0041ba20.c	ok
0041bac0	FUN_0041bac0	0041bac0_FUN_0041bac0.c	ok
0041bb19	FUN_0041bb19	0041bb19_FUN_0041bb19.c	ok
0041bcd0	FUN_0041bcd0	0041bcd0_FUN_0041bcd0.c	ok
0041c412	FUN_0041c412	0041c412_FUN_0041c412.c	ok
0041c46e	FUN_0041c46e	0041c46e_FUN_0041c46e.c	ok
0041dc34	FUN_0041dc34	0041dc34_FUN_0041dc34.c	ok
0041e597	FUN_0041e597	0041e597_FUN_0041e597.c	ok
0041e681	FUN_0041e681	0041e681_FUN_0041e681.c	ok
0041e706	FUN_0041e706	0041e706_FUN_0041e706.c	ok
0041e793	FUN_0041e793	0041e793_FUN_0041e793.c	ok
0041e84a	FUN_0041e84a	0041e84a_FUN_0041e84a.c	ok
0041e8a7	FUN_0041e8a7	0041e8a7_FUN_0041e8a7.c	ok
0041ed87	FUN_0041ed87	0041ed87_FUN_0041ed87.c	ok
0041efa3	FUN_0041efa3	0041efa3_FUN_0041efa3.c	ok
0041f07e	FUN_0041f07e	0041f07e_FUN_0041f07e.c	ok
0041f133	FUN_0041f133	0041f133_FUN_0041f133.c	ok
0041f1e8	FUN_0041f1e8	0041f1e8_FUN_0041f1e8.c	ok
0041f295	FUN_0041f295	0041f295_FUN_0041f295.c	ok
0041f672	FUN_0041f672	0041f672_FUN_0041f672.c	ok
0041ff66	FUN_0041ff66	0041ff66_FUN_0041ff66.c	ok
004201b0	FUN_004201b0	004201b0_FUN_004201b0.c	ok
00421159	FUN_00421159	00421159_FUN_00421159.c	ok
0042149e	FUN_0042149e	0042149e_FUN_0042149e.c	ok
00421566	FUN_00421566	00421566_FUN_00421566.c	ok
00421741	FUN_00421741	00421741_FUN_00421741.c	ok
00421be1	FUN_00421be1	00421be1_FUN_00421be1.c	ok
00421c1c	FUN_00421c1c	00421c1c_FUN_00421c1c.c	ok
00421c7d	FUN_00421c7d	00421c7d_FUN_00421c7d.c	ok
00421cbe	FUN_00421cbe	00421cbe_FUN_00421cbe.c	ok
00421d17	FUN_00421d17	00421d17_FUN_00421d17.c	ok
00421d4a	FUN_00421d4a	00421d4a_FUN_00421d4a.c	ok
00421f68	FUN_00421f68	00421f68_FUN_00421f68.c	ok
004221fc	FUN_004221fc	004221fc_FUN_004221fc.c	ok
0042244f	FUN_0042244f	0042244f_FUN_0042244f.c	ok
00422662	FUN_00422662	00422662_FUN_00422662.c	ok
00424cc0	FUN_00424cc0	00424cc0_FUN_00424cc0.c	ok
00424e7a	FUN_00424e7a	00424e7a_FUN_00424e7a.c	ok
0042515e	FUN_0042515e	0042515e_FUN_0042515e.c	ok
004254cc	FUN_004254cc	004254cc_FUN_004254cc.c	ok
0042794c	FUN_0042794c	0042794c_FUN_0042794c.c	ok
00428090	FUN_00428090	00428090_FUN_00428090.c	ok
0042810d	FUN_0042810d	0042810d_FUN_0042810d.c	ok
0042886a	FUN_0042886a	0042886a_FUN_0042886a.c	ok
004288f5	FUN_004288f5	004288f5_FUN_004288f5.c	ok
00428a75	FUN_00428a75	00428a75_FUN_00428a75.c	ok
00428d1e	FUN_00428d1e	00428d1e_FUN_00428d1e.c	ok
00428fb1	FUN_00428fb1	00428fb1_FUN_00428fb1.c	ok
00429036	FUN_00429036	00429036_FUN_00429036.c	ok
004290c5	FUN_004290c5	004290c5_FUN_004290c5.c	ok
00429122	FUN_00429122	00429122_FUN_00429122.c	ok
0042925b	FUN_0042925b	0042925b_FUN_0042925b.c	ok
004293da	FUN_004293da	004293da_FUN_004293da.c	ok
004296f0	FUN_004296f0	004296f0_FUN_004296f0.c	ok
0042986f	FUN_0042986f	0042986f_FUN_0042986f.c	ok
0042a186	FUN_0042a186	0042a186_FUN_0042a186.c	ok
0042a1e0	FUN_0042a1e0	0042a1e0_FUN_0042a1e0.c	ok
0042a2b5	FUN_0042a2b5	0042a2b5_FUN_0042a2b5.c	ok
0042a39c	FUN_0042a39c	0042a39c_FUN_0042a39c.c	ok
0042a446	FUN_0042a446	0042a446_FUN_0042a446.c	ok
0042ab60	FUN_0042ab60	0042ab60_FUN_0042ab60.c	ok
0042abe0	FUN_0042abe0	0042abe0_FUN_0042abe0.c	ok
0042ac00	FUN_0042ac00	0042ac00_FUN_0042ac00.c	ok
0042ac50	FUN_0042ac50	0042ac50_FUN_0042ac50.c	ok
0042aca0	FUN_0042aca0	0042aca0_FUN_0042aca0.c	ok
0042ae20	FUN_0042ae20	0042ae20_FUN_0042ae20.c	ok
0042ae90	FUN_0042ae90	0042ae90_FUN_0042ae90.c	ok
0042b090	FUN_0042b090	0042b090_FUN_0042b090.c	ok
0042b110	FUN_0042b110	0042b110_FUN_0042b110.c	ok
0042b2d0	FUN_0042b2d0	0042b2d0_FUN_0042b2d0.c	ok
0042b310	FUN_0042b310	0042b310_FUN_0042b310.c	ok
0042b360	FUN_0042b360	0042b360_FUN_0042b360.c	ok
0042b380	FUN_0042b380	0042b380_FUN_0042b380.c	ok
0042b530	FUN_0042b530	0042b530_FUN_0042b530.c	ok
0042b550	FUN_0042b550	0042b550_FUN_0042b550.c	ok
0042b5e0	FUN_0042b5e0	0042b5e0_FUN_0042b5e0.c	ok
0042b830	FUN_0042b830	0042b830_FUN_0042b830.c	ok
0042b850	FUN_0042b850	0042b850_FUN_0042b850.c	ok
0042b910	FUN_0042b910	0042b910_FUN_0042b910.c	ok
0042ba80	FUN_0042ba80	0042ba80_FUN_0042ba80.c	ok
0042bbe0	FUN_0042bbe0	0042bbe0_FUN_0042bbe0.c	ok
0042bd30	FUN_0042bd30	0042bd30_FUN_0042bd30.c	ok
0042bdb0	FUN_0042bdb0	0042bdb0_FUN_0042bdb0.c	ok
0042be90	FUN_0042be90	0042be90_FUN_0042be90.c	ok
0042bef0	FUN_0042bef0	0042bef0_FUN_0042bef0.c	ok
0042bfe0	FUN_0042bfe0	0042bfe0_FUN_0042bfe0.c	ok
0042c1e0	FUN_0042c1e0	0042c1e0_FUN_0042c1e0.c	ok
0042c260	FUN_0042c260	0042c260_FUN_0042c260.c	ok
0042c2e0	FUN_0042c2e0	0042c2e0_FUN_0042c2e0.c	ok
0042c350	FUN_0042c350	0042c350_FUN_0042c350.c	ok
0042c3b0	FUN_0042c3b0	0042c3b0_FUN_0042c3b0.c	ok
0042c410	FUN_0042c410	0042c410_FUN_0042c410.c	ok
0042c520	FUN_0042c520	0042c520_FUN_0042c520.c	ok
0042c5b0	FUN_0042c5b0	0042c5b0_FUN_0042c5b0.c	ok
0042c640	FUN_0042c640	0042c640_FUN_0042c640.c	ok
0042c680	FUN_0042c680	0042c680_FUN_0042c680.c	ok
0042c6d0	FUN_0042c6d0	0042c6d0_FUN_0042c6d0.c	ok
0042c730	FUN_0042c730	0042c730_FUN_0042c730.c	ok
0042c7f0	FUN_0042c7f0	0042c7f0_FUN_0042c7f0.c	ok
0042c8f0	FUN_0042c8f0	0042c8f0_FUN_0042c8f0.c	ok
0042c920	FUN_0042c920	0042c920_FUN_0042c920.c	ok
0042c970	FUN_0042c970	0042c970_FUN_0042c970.c	ok
0042cb40	FUN_0042cb40	0042cb40_FUN_0042cb40.c	ok
0042cc20	FUN_0042cc20	0042cc20_FUN_0042cc20.c	ok
0042cd30	FUN_0042cd30	0042cd30_FUN_0042cd30.c	ok
0042cd80	FUN_0042cd80	0042cd80_FUN_0042cd80.c	ok
0042ce40	FUN_0042ce40	0042ce40_FUN_0042ce40.c	ok
0042cee0	FUN_0042cee0	0042cee0_FUN_0042cee0.c	ok
0042cf50	FUN_0042cf50	0042cf50_FUN_0042cf50.c	ok
0042d030	FUN_0042d030	0042d030_FUN_0042d030.c	ok
0042d150	FUN_0042d150	0042d150_FUN_0042d150.c	ok
0042d170	FUN_0042d170	0042d170_FUN_0042d170.c	ok
0042d200	FUN_0042d200	0042d200_FUN_0042d200.c	ok
0042d2c0	FUN_0042d2c0	0042d2c0_FUN_0042d2c0.c	ok
0042d370	FUN_0042d370	0042d370_FUN_0042d370.c	ok
0042d620	FUN_0042d620	0042d620_FUN_0042d620.c	ok
0042dad0	FUN_0042dad0	0042dad0_FUN_0042dad0.c	ok
0042db90	FUN_0042db90	0042db90_FUN_0042db90.c	ok
0042dc70	FUN_0042dc70	0042dc70_FUN_0042dc70.c	ok
0042ded0	FUN_0042ded0	0042ded0_FUN_0042ded0.c	ok
0042e0a0	FUN_0042e0a0	0042e0a0_FUN_0042e0a0.c	ok
0042e140	FUN_0042e140	0042e140_FUN_0042e140.c	ok
0042e1e0	FUN_0042e1e0	0042e1e0_FUN_0042e1e0.c	ok
0042e200	FUN_0042e200	0042e200_FUN_0042e200.c	ok
0042e380	FUN_0042e380	0042e380_FUN_0042e380.c	ok
0042e4c0	FUN_0042e4c0	0042e4c0_FUN_0042e4c0.c	ok
0042e5c0	FUN_0042e5c0	0042e5c0_FUN_0042e5c0.c	ok
0042e610	FUN_0042e610	0042e610_FUN_0042e610.c	ok
0042e770	FUN_0042e770	0042e770_FUN_0042e770.c	ok
0042e7d0	FUN_0042e7d0	0042e7d0_FUN_0042e7d0.c	ok
0042e820	FUN_0042e820	0042e820_FUN_0042e820.c	ok
0042e850	FUN_0042e850	0042e850_FUN_0042e850.c	ok
0042e870	FUN_0042e870	0042e870_FUN_0042e870.c	ok
0042e8c0	FUN_0042e8c0	0042e8c0_FUN_0042e8c0.c	ok
0042e900	FUN_0042e900	0042e900_FUN_0042e900.c	ok
0042e940	FUN_0042e940	0042e940_FUN_0042e940.c	ok
0042e9a0	FUN_0042e9a0	0042e9a0_FUN_0042e9a0.c	ok
0042ea00	FUN_0042ea00	0042ea00_FUN_0042ea00.c	ok
0042ea40	FUN_0042ea40	0042ea40_FUN_0042ea40.c	ok
0042eaa0	FUN_0042eaa0	0042eaa0_FUN_0042eaa0.c	ok
0042eae0	FUN_0042eae0	0042eae0_FUN_0042eae0.c	ok
0042eb60	FUN_0042eb60	0042eb60_FUN_0042eb60.c	ok
0042eb80	FUN_0042eb80	0042eb80_FUN_0042eb80.c	ok
0042ebc0	FUN_0042ebc0	0042ebc0_FUN_0042ebc0.c	ok
0042ec50	FUN_0042ec50	0042ec50_FUN_0042ec50.c	ok
0042ed40	FUN_0042ed40	0042ed40_FUN_0042ed40.c	ok
0042edb0	FUN_0042edb0	0042edb0_FUN_0042edb0.c	ok
0042ee40	FUN_0042ee40	0042ee40_FUN_0042ee40.c	ok
0042ee50	FUN_0042ee50	0042ee50_FUN_0042ee50.c	ok
0042ee70	FUN_0042ee70	0042ee70_FUN_0042ee70.c	ok
0042ee90	FUN_0042ee90	0042ee90_FUN_0042ee90.c	ok
0042eeb0	FUN_0042eeb0	0042eeb0_FUN_0042eeb0.c	ok
0042ef60	FUN_0042ef60	0042ef60_FUN_0042ef60.c	ok
0042ef90	FUN_0042ef90	0042ef90_FUN_0042ef90.c	ok
0042efc0	FUN_0042efc0	0042efc0_FUN_0042efc0.c	ok
0042f070	FUN_0042f070	0042f070_FUN_0042f070.c	ok
0042f0c0	FUN_0042f0c0	0042f0c0_FUN_0042f0c0.c	ok
0042f210	FUN_0042f210	0042f210_FUN_0042f210.c	ok
0042f370	FUN_0042f370	0042f370_FUN_0042f370.c	ok
0042f410	FUN_0042f410	0042f410_FUN_0042f410.c	ok
0042f470	FUN_0042f470	0042f470_FUN_0042f470.c	ok
0042f4a0	FUN_0042f4a0	0042f4a0_FUN_0042f4a0.c	ok
0042f4d0	FUN_0042f4d0	0042f4d0_FUN_0042f4d0.c	ok
0042f4f0	FUN_0042f4f0	0042f4f0_FUN_0042f4f0.c	ok
0042f520	FUN_0042f520	0042f520_FUN_0042f520.c	ok
0042f570	FUN_0042f570	0042f570_FUN_0042f570.c	ok
0042f5e0	FUN_0042f5e0	0042f5e0_FUN_0042f5e0.c	ok
0042f7b0	FUN_0042f7b0	0042f7b0_FUN_0042f7b0.c	ok
0042f980	FUN_0042f980	0042f980_FUN_0042f980.c	ok
0042fba0	FUN_0042fba0	0042fba0_FUN_0042fba0.c	ok
0042fd00	FUN_0042fd00	0042fd00_FUN_0042fd00.c	ok
0042fef0	FUN_0042fef0	0042fef0_FUN_0042fef0.c	ok
0042ff30	FUN_0042ff30	0042ff30_FUN_0042ff30.c	ok
0042ffa0	FUN_0042ffa0	0042ffa0_FUN_0042ffa0.c	ok
00430130	FUN_00430130	00430130_FUN_00430130.c	ok
00430150	FUN_00430150	00430150_FUN_00430150.c	ok
00430160	FUN_00430160	00430160_FUN_00430160.c	ok
00430170	FUN_00430170	00430170_FUN_00430170.c	ok
00430180	FUN_00430180	00430180_FUN_00430180.c	ok
004301b0	FUN_004301b0	004301b0_FUN_004301b0.c	ok
004301c0	FUN_004301c0	004301c0_FUN_004301c0.c	ok
004302a0	FUN_004302a0	004302a0_FUN_004302a0.c	ok
004303a0	tls_callback_1	004303a0_tls_callback_1.c	ok
004303d0	tls_callback_0	004303d0_tls_callback_0.c	ok
00430460	FUN_00430460	00430460_FUN_00430460.c	ok
00430470	FUN_00430470	00430470_FUN_00430470.c	ok
00430570	FUN_00430570	00430570_FUN_00430570.c	ok
00430580	FUN_00430580	00430580_FUN_00430580.c	ok
004305f0	FUN_004305f0	004305f0_FUN_004305f0.c	ok
00430800	FUN_00430800	00430800_FUN_00430800.c	ok
00430af0	FUN_00430af0	00430af0_FUN_00430af0.c	ok
00430b40	FUN_00430b40	00430b40_FUN_00430b40.c	ok
00430b50	FUN_00430b50	00430b50_FUN_00430b50.c	ok
00430d10	FUN_00430d10	00430d10_FUN_00430d10.c	ok
00430e10	FUN_00430e10	00430e10_FUN_00430e10.c	ok
00430fc0	FUN_00430fc0	00430fc0_FUN_00430fc0.c	ok
00431030	FUN_00431030	00431030_FUN_00431030.c	ok
004310b0	FUN_004310b0	004310b0_FUN_004310b0.c	ok
00431140	FUN_00431140	00431140_FUN_00431140.c	ok
00431220	FUN_00431220	00431220_FUN_00431220.c	ok
00431240	FUN_00431240	00431240_FUN_00431240.c	ok
00431260	FUN_00431260	00431260_FUN_00431260.c	ok
004312b0	FUN_004312b0	004312b0_FUN_004312b0.c	ok
00431350	FUN_00431350	00431350_FUN_00431350.c	ok
004313e0	FUN_004313e0	004313e0_FUN_004313e0.c	ok
00431410	FUN_00431410	00431410_FUN_00431410.c	ok
00431480	FUN_00431480	00431480_FUN_00431480.c	ok
004314b0	FUN_004314b0	004314b0_FUN_004314b0.c	ok
00431540	FUN_00431540	00431540_FUN_00431540.c	ok
00431600	FUN_00431600	00431600_FUN_00431600.c	ok
004316e0	FUN_004316e0	004316e0_FUN_004316e0.c	ok
00431890	FUN_00431890	00431890_FUN_00431890.c	ok
00431950	FUN_00431950	00431950_FUN_00431950.c	ok
00431ce0	FUN_00431ce0	00431ce0_FUN_00431ce0.c	ok
00431d10	FUN_00431d10	00431d10_FUN_00431d10.c	ok
00431df0	FUN_00431df0	00431df0_FUN_00431df0.c	ok
00433930	FUN_00433930	00433930_FUN_00433930.c	ok
00433ac0	FUN_00433ac0	00433ac0_FUN_00433ac0.c	ok
00434420	FUN_00434420	00434420_FUN_00434420.c	ok
00434520	FUN_00434520	00434520_FUN_00434520.c	ok
00434570	FUN_00434570	00434570_FUN_00434570.c	ok
00434610	FUN_00434610	00434610_FUN_00434610.c	ok
00434a20	FUN_00434a20	00434a20_FUN_00434a20.c	ok
00434b00	FUN_00434b00	00434b00_FUN_00434b00.c	ok
00434b50	FUN_00434b50	00434b50_FUN_00434b50.c	ok
00434c50	FUN_00434c50	00434c50_FUN_00434c50.c	ok
00434cc0	FUN_00434cc0	00434cc0_FUN_00434cc0.c	ok
00434d70	FUN_00434d70	00434d70_FUN_00434d70.c	ok
00434da0	FUN_00434da0	00434da0_FUN_00434da0.c	ok
00434ef0	FUN_00434ef0	00434ef0_FUN_00434ef0.c	ok
00435080	FUN_00435080	00435080_FUN_00435080.c	ok
004351b0	FUN_004351b0	004351b0_FUN_004351b0.c	ok
00435200	FUN_00435200	00435200_FUN_00435200.c	ok
004353d0	FUN_004353d0	004353d0_FUN_004353d0.c	ok
004354f0	FUN_004354f0	004354f0_FUN_004354f0.c	ok
004355f0	FUN_004355f0	004355f0_FUN_004355f0.c	ok
00435620	FUN_00435620	00435620_FUN_00435620.c	ok
00435730	FUN_00435730	00435730_FUN_00435730.c	ok
004357d0	FUN_004357d0	004357d0_FUN_004357d0.c	ok
00435820	FUN_00435820	00435820_FUN_00435820.c	ok
00435880	FUN_00435880	00435880_FUN_00435880.c	ok
00435a10	FUN_00435a10	00435a10_FUN_00435a10.c	ok
